Name,ProductKey,Description,Picture,Product sections,Type,vyzn.catalogue.Density,vyzn.catalogue.ch.KBOB2022.UBPTotal,vyzn.catalogue.ch.KBOB2022.UBPProduction,vyzn.catalogue.ch.KBOB2022.UBPDisposal,vyzn.catalogue.ch.KBOB2022.RenewableEnergyTotal,vyzn.catalogue.ch.KBOB2022.RenewableEnergyProduction,vyzn.catalogue.ch.KBOB2022.RenewableEnergyDisposal,vyzn.catalogue.ch.KBOB2022.GreyEnergyTotal,vyzn.catalogue.ch.KBOB2022.GreyEnergyProduction,vyzn.catalogue.ch.KBOB2022.GreyEnergyDisposal,vyzn.catalogue.ch.KBOB2022.GHGEmissionsTotal,vyzn.catalogue.ch.KBOB2022.GHGEmissionsProduction,vyzn.catalogue.ch.KBOB2022.GHGEmissionsDisposal,vyzn.catalogue.ch.KBOB2022.LCARefUnit
"00.001 Baugrubensicherung, Bohrpfahlwand, gespriesst (KBOB2016)",KBOB2016-00.001,,,,MATERIAL_LIST,,1010000,877000,130000,110,101,9.57,2280,2020,258,828,778,50.2,m2,
"00.002 Baugrubensicherung, Bohrpfahlwand, unverankert (KBOB2016)",KBOB2016-00.002,,,,MATERIAL_LIST,,952000,822000,130000,94.3,84.8,9.57,2090,1830,258,788,738,50.2,m2,
"00.003 Baugrubensicherung, Bohrpfahlwand, verankert (KBOB2016)",KBOB2016-00.003,,,,MATERIAL_LIST,,778000,692000,86200,82.8,76.4,6.32,1510,1340,170,512,478,33.1,m2,
"00.004 Baugrubensicherung, Nagelwand (KBOB2016)",KBOB2016-00.004,,,,MATERIAL_LIST,,171000,152000,18900,17.9,16.6,1.39,324,286,37.5,116,109,7.28,m2,
"00.005 Baugrubensicherung, Rühlwand, auskragend (KBOB2016)",KBOB2016-00.005,,,,MATERIAL_LIST,,332000,302000,30100,108,106,2.20,934,874,59.5,266,254,11.6,m2,
"00.006 Baugrubensicherung, Rühlwand, gespriesst (KBOB2016)",KBOB2016-00.006,,,,MATERIAL_LIST,,240000,222000,17800,46.7,45.4,1.31,677,642,35.2,184,177,6.84,m2,
"00.007 Baugrubensicherung, Rühlwand, verankert (KBOB2016)",KBOB2016-00.007,,,,MATERIAL_LIST,,259000,238000,20600,43.9,42.4,1.51,681,640,40.7,192,184,7.90,m2,
"00.008 Baugrubensicherung, Schlitzwand, 400 mm (KBOB2016)",KBOB2016-00.008,,,,MATERIAL_LIST,,648000,583000,65500,73.3,68.6,4.76,1250,1120,130,407,382,25.2,m2,
"00.009 Baugrubensicherung, Schlitzwand, 800 mm (KBOB2016)",KBOB2016-00.009,,,,MATERIAL_LIST,,1230000,1100000,129000,136,126,9.43,2270,2010,256,777,728,49.6,m2,
"00.010 Baugrubensicherung, Spundwand, auskragend (KBOB2016)",KBOB2016-00.010,,,,MATERIAL_LIST,,228000,228000,0.000,46.2,46.2,0.000,747,747,0.000,163,163,0.000,m2,
"00.011 Baugrubensicherung, Spundwand, gespriesst (KBOB2016)",KBOB2016-00.011,,,,MATERIAL_LIST,,129000,129000,0.000,25.3,25.3,0.000,421,421,0.000,92.3,92.3,0.000,m2,
"00.012 Baugrubensicherung, Spundwand, verankert (KBOB2016)",KBOB2016-00.012,,,,MATERIAL_LIST,,255000,255000,0.000,55.3,55.3,0.000,813,813,0.000,181,181,0.000,m2,
"00.013 Tiefgründung, Mikrobohrpfahl (KBOB2016)",KBOB2016-00.013,,,,MATERIAL_LIST,,48600,48600,0.000,7.74,7.74,0.000,116,116,0.000,30.6,30.6,0.000,m,
"00.014 Tiefgründung, Ortbetonbohrpfahl, 700 mm (KBOB2016)",KBOB2016-00.014,,,,MATERIAL_LIST,,229000,229000,0.000,22.4,22.4,0.000,404,404,0.000,159,159,0.000,m,
"00.015 Tiefgründung, Ortbetonbohrpfahl, 900 mm (KBOB2016)",KBOB2016-00.015,,,,MATERIAL_LIST,,331000,331000,0.000,35.0,35.0,0.000,566,566,0.000,239,239,0.000,m,
"00.016 Tiefgründung, Ortbetonbohrpfahl, 1200 mm (KBOB2016)",KBOB2016-00.016,,,,MATERIAL_LIST,,506000,506000,0.000,55.6,55.6,0.000,851,851,0.000,372,372,0.000,m,
"00.017 Tiefgründung, Ortbetonverdrängungspfahl 560/480 mm (KBOB2016)",KBOB2016-00.017,,,,MATERIAL_LIST,,122000,122000,0.000,9.87,9.87,0.000,226,226,0.000,72.2,72.2,0.000,m,
"00.018 Tiefgründung, Ortbetonverdrängungspfahl 660/580 mm (KBOB2016)",KBOB2016-00.018,,,,MATERIAL_LIST,,152000,152000,0.000,13.2,13.2,0.000,273,273,0.000,91.3,91.3,0.000,m,
"00.019 Tiefgründung, Rüttelstopfsäule (KBOB2016)",KBOB2016-00.019,,,,MATERIAL_LIST,,29900,29900,0.000,1.10,1.10,0.000,30.9,30.9,0.000,6.45,6.45,0.000,m,
"00.020 Tiefgründung, Vorgefertigter Betonpfahl (KBOB2016)",KBOB2016-00.020,,,,MATERIAL_LIST,,38800,38800,0.000,4.22,4.22,0.000,66.1,66.1,0.000,28.6,28.6,0.000,m,
"00.021 Wasserhaltung, Pumphöhe 2.5 m (KBOB2016)",KBOB2016-00.021,,,,MATERIAL_LIST,,14.4,14.4,0.000,0.020,0.020,0.000,0.101,0.101,0.000,0.004,0.004,0.000,m3,
"00.022 Wasserhaltung, Pumphöhe 5 m (KBOB2016)",KBOB2016-00.022,,,,MATERIAL_LIST,,16.8,16.8,0.000,0.023,0.023,0.000,0.119,0.119,0.000,0.005,0.005,0.000,m3,
"00.023 Wasserhaltung, Pumphöhe 7.5 m (KBOB2016)",KBOB2016-00.023,,,,MATERIAL_LIST,,19.6,19.6,0.000,0.027,0.027,0.000,0.138,0.138,0.000,0.006,0.006,0.000,m3,
"00.024 Wasserhaltung, Pumphöhe 10 m (KBOB2016)",KBOB2016-00.024,,,,MATERIAL_LIST,,22.5,22.5,0.000,0.031,0.031,0.000,0.159,0.159,0.000,0.007,0.007,0.000,m3,
01.001 Magerbeton (ohne Bewehrung) (KBOB2016),KBOB2016-01.001,,,,MATERIAL_LIST,2150,65.1,40.2,24.9,0.009,0.007,0.002,0.139,0.092,0.047,0.059,0.050,0.009,kg,
01.002 Hochbaubeton (ohne Bewehrung) (KBOB2016),KBOB2016-01.002,,,,MATERIAL_LIST,2300,94.3,67.3,27.0,0.013,0.012,0.002,0.201,0.148,0.054,0.099,0.089,0.010,kg,
01.003 Tiefbaubeton (ohne Bewehrung) (KBOB2016),KBOB2016-01.003,,,,MATERIAL_LIST,2350,99.9,72.9,27.0,0.014,0.013,0.002,0.217,0.164,0.053,0.107,0.096,0.010,kg,
01.004 Bohrpfahlbeton (ohne Bewehrung) (KBOB2016),KBOB2016-01.004,,,,MATERIAL_LIST,2325,106,79.0,26.9,0.016,0.014,0.002,0.228,0.175,0.053,0.117,0.107,0.010,kg,
"01.041 Betonfertigteil, hochfester Beton, ab Werk (KBOB2016)",KBOB2016-01.041,,,,MATERIAL_LIST,2770,477,454,23.8,0.057,0.056,0.002,0.768,0.721,0.047,0.265,0.255,0.009,kg,
"01.042 Betonfertigteil, Normalbeton, ab Werk (KBOB2016)",KBOB2016-01.042,,,,MATERIAL_LIST,2500,245,218,26.1,0.096,0.094,0.002,0.484,0.432,0.052,0.172,0.162,0.010,kg,
01.043 Hanfbeton (KBOB2016),KBOB2016-01.043,,,,MATERIAL_LIST,600,371,370,0.743,0.882,0.882,0.000,0.984,0.982,0.003,0.288,0.288,0.000,kg,
"01.043.01 Hanfbeton, ARBIO (KBOB2016)",KBOB2016-01.043.01,,,,MATERIAL_LIST,600,357,356,0.743,0.849,0.848,0.000,0.947,0.944,0.003,0.277,0.277,0.000,kg,
02.001 Backstein (KBOB2016),KBOB2016-02.001,,,,MATERIAL_LIST,900,217,191,25.8,0.078,0.076,0.002,0.791,0.740,0.051,0.258,0.249,0.009,kg,
"02.001.01 Backstein, perlitgefüllt, zzwancor (KBOB2016)",KBOB2016-02.001.01,,,,MATERIAL_LIST,575,269,243,25.8,0.095,0.093,0.002,0.952,0.901,0.051,0.277,0.268,0.009,kg,
02.002 Kalksandstein (KBOB2016),KBOB2016-02.002,,,,MATERIAL_LIST,1400,157,132,25.1,0.037,0.035,0.002,0.398,0.350,0.048,0.138,0.129,0.009,kg,
"02.002.01 Kalksandstein, FBB (KBOB2016)",KBOB2016-02.002.01,,,,MATERIAL_LIST,1400,122,97.4,25.1,0.034,0.033,0.002,0.316,0.267,0.048,0.108,0.100,0.009,kg,
"02.002.02 Kalksandstein, Hunziker Kalksandstein AG (KBOB2016)",KBOB2016-02.002.02,,,,MATERIAL_LIST,1400,97.7,72.6,25.1,0.014,0.013,0.002,0.293,0.245,0.048,0.100,0.092,0.009,kg,
02.003 Leichtlehmstein (KBOB2016),KBOB2016-02.003,,,,MATERIAL_LIST,700,237,212,25.8,0.793,0.791,0.002,0.762,0.712,0.051,0.170,0.161,0.009,kg,
"02.004 Leichtzementstein, Blähton (KBOB2016)",KBOB2016-02.004,,,,MATERIAL_LIST,1200,471,445,26.6,0.052,0.050,0.002,1.51,1.46,0.053,0.417,0.407,0.010,kg,
"02.005 Leichtzementstein, Naturbims (KBOB2016)",KBOB2016-02.005,,,,MATERIAL_LIST,1200,222,195,26.6,0.031,0.029,0.002,0.424,0.371,0.053,0.223,0.214,0.010,kg,
02.006 Porenbetonstein (KBOB2016),KBOB2016-02.006,,,,MATERIAL_LIST,500,348,323,25.8,0.065,0.064,0.002,0.925,0.875,0.051,0.417,0.408,0.009,kg,
02.007 Zementstein (KBOB2016),KBOB2016-02.007,,,,MATERIAL_LIST,1700,133,108,25.1,0.024,0.022,0.002,0.254,0.207,0.047,0.129,0.121,0.009,kg,
"02.007.01 Erdstein, aus gepresster Erde, Terrabloc (KBOB2016)",KBOB2016-02.007.01,,,,MATERIAL_LIST,1850,72.0,55.0,17.0,0.033,0.033,0.001,0.211,0.147,0.063,0.062,0.053,0.009,kg,
03.001 Betonziegel (KBOB2016),KBOB2016-03.001,,,,MATERIAL_LIST,2300,212,187,25.8,0.034,0.033,0.002,0.517,0.466,0.051,0.217,0.208,0.009,kg,
03.002 Faserzement-Dachschindel (KBOB2016),KBOB2016-03.002,,,,MATERIAL_LIST,1800,751,724,26.6,0.476,0.474,0.002,2.45,2.40,0.053,0.727,0.717,0.010,kg,
03.003 Faserzementplatte gross (KBOB2016),KBOB2016-03.003,,,,MATERIAL_LIST,1800,1030,1000,26.6,0.624,0.622,0.002,3.27,3.22,0.053,1.09,1.08,0.010,kg,
03.004 Faserzement-Wellplatte (KBOB2016),KBOB2016-03.004,,,,MATERIAL_LIST,1800,726,700,26.6,0.544,0.543,0.002,2.06,2.01,0.053,0.678,0.669,0.010,kg,
03.005 Flachglas beschichtet (KBOB2016),KBOB2016-03.005,,,,MATERIAL_LIST,2500,1350,1340,18.6,0.233,0.232,0.001,4.71,4.65,0.068,1.16,1.15,0.010,kg,
03.006 Flachglas unbeschichtet (KBOB2016),KBOB2016-03.006,,,,MATERIAL_LIST,2500,1140,1120,18.6,0.130,0.130,0.001,4.06,4.00,0.068,1.10,1.09,0.010,kg,
03.007 Gipsfaserplatte (KBOB2016),KBOB2016-03.007,,,,MATERIAL_LIST,1200,488,470,17.5,0.086,0.085,0.001,2.46,2.40,0.065,0.537,0.527,0.009,kg,
03.008 Gipskartonplatte (KBOB2016),KBOB2016-03.008,,,,MATERIAL_LIST,850,314,296,17.3,0.079,0.078,0.001,1.35,1.28,0.065,0.293,0.284,0.009,kg,
03.009 Hartsandsteinplatte (KBOB2016),KBOB2016-03.009,,,,MATERIAL_LIST,2500,75.0,49.9,25.1,0.039,0.037,0.002,0.302,0.254,0.048,0.034,0.025,0.009,kg,
03.010 Keramik-/Steinzeugplatte (KBOB2016),KBOB2016-03.010,,,,MATERIAL_LIST,2600,2460,2430,25.8,0.234,0.232,0.002,3.81,3.76,0.051,0.777,0.768,0.009,kg,
03.011 Kies gebrochen (KBOB2016),KBOB2016-03.011,,,,MATERIAL_LIST,2000,64.9,39.8,25.1,0.007,0.005,0.002,0.084,0.036,0.048,0.013,0.005,0.009,kg,
03.012 Rundkies (KBOB2016),KBOB2016-03.012,,,,MATERIAL_LIST,2000,61.0,35.9,25.1,0.003,0.001,0.002,0.064,0.017,0.048,0.012,0.003,0.009,kg,
03.013 Sand (KBOB2016),KBOB2016-03.013,,,,MATERIAL_LIST,2000,65.7,35.9,29.7,0.003,0.001,0.001,0.081,0.017,0.064,0.014,0.003,0.011,kg,
03.014 Sanitärkeramik (KBOB2016),KBOB2016-03.014,,,,MATERIAL_LIST,2000,3030,3000,25.8,0.401,0.399,0.002,11.2,11.1,0.051,2.32,2.31,0.009,kg,
03.015 Tonziegel (KBOB2016),KBOB2016-03.015,,,,MATERIAL_LIST,1700,300,274,25.8,0.034,0.032,0.002,1.12,1.07,0.051,0.375,0.366,0.009,kg,
03.016 Gips-Wandbauplatte / Vollgipsplatte (KBOB2016),KBOB2016-03.016,,,,MATERIAL_LIST,1000,343,326,17.2,0.029,0.028,0.001,1.44,1.37,0.064,0.307,0.298,0.009,kg,
03.017 Kalksteinplatte (KBOB2016),KBOB2016-03.017,,,,MATERIAL_LIST,2600,79.0,53.9,25.1,0.025,0.023,0.002,0.328,0.280,0.048,0.066,0.057,0.009,kg,
03.020 Stampflehm (KBOB2016),KBOB2016-03.020,,,,MATERIAL_LIST,2000,39.4,25.2,14.2,0.005,0.004,0.000,0.129,0.075,0.054,0.023,0.016,0.007,kg,
04.001 Gips-/Weissputz (KBOB2016),KBOB2016-04.001,,,,MATERIAL_LIST,1100,146,129,17.2,0.062,0.061,0.001,0.692,0.628,0.064,0.147,0.138,0.009,kg,
04.002 Baukleber/Einbettmörtel organisch (KBOB2016),KBOB2016-04.002,,,,MATERIAL_LIST,1670,1000,982,17.2,0.146,0.145,0.001,4.20,4.14,0.064,0.758,0.749,0.009,kg,
04.003 Kunststoffputz (Dispersionsputz) (KBOB2016),KBOB2016-04.003,,,,MATERIAL_LIST,1540,1230,1210,17.2,0.227,0.227,0.001,5.25,5.19,0.064,0.951,0.942,0.009,kg,
04.004 Lehmputz (KBOB2016),KBOB2016-04.004,,,,MATERIAL_LIST,1800,62.3,43.0,19.3,0.016,0.014,0.002,0.164,0.134,0.031,0.023,0.018,0.005,kg,
"04.005 Unterlagsboden Anhydrit, 60 mm (KBOB2016)",KBOB2016-04.005,,,,MATERIAL_LIST,2000,146,128,18.5,0.025,0.025,0.001,0.458,0.389,0.069,0.087,0.077,0.010,kg,
"04.006 Unterlagsboden Zement, 85 mm (KBOB2016)",KBOB2016-04.006,,,,MATERIAL_LIST,1850,140,122,17.2,0.031,0.031,0.001,0.281,0.217,0.064,0.125,0.116,0.009,kg,
04.007 Wärmedämmputz EPS (KBOB2016),KBOB2016-04.007,,,,MATERIAL_LIST,250,613,596,17.2,0.135,0.135,0.001,1.96,1.89,0.064,0.767,0.758,0.009,kg,
04.008 Baukleber/Einbettmörtel mineralisch (KBOB2016),KBOB2016-04.008,,,,MATERIAL_LIST,1400,427,410,17.2,0.166,0.166,0.001,1.60,1.54,0.064,0.406,0.397,0.009,kg,
04.009 Zementputz (KBOB2016),KBOB2016-04.009,,,,MATERIAL_LIST,1550,255,238,17.2,0.122,0.121,0.001,0.728,0.664,0.064,0.269,0.260,0.009,kg,
04.010 Baukleber/Einbettmörtel mineralisch Leichtzuschlag (KBOB2016),KBOB2016-04.010,,,,MATERIAL_LIST,1100,424,407,17.2,0.146,0.146,0.001,1.69,1.62,0.064,0.427,0.418,0.009,kg,
04.011 Silikatputz (Dispersionssilikatputz) (KBOB2016),KBOB2016-04.011,,,,MATERIAL_LIST,1880,1220,1200,17.2,0.249,0.248,0.001,5.11,5.04,0.064,0.975,0.966,0.009,kg,
04.012 Silikonharzputz (KBOB2016),KBOB2016-04.012,,,,MATERIAL_LIST,1670,1410,1390,17.2,0.370,0.370,0.001,6.17,6.10,0.064,1.12,1.11,0.009,kg,
04.013 Kalk-Zement/Zement-Kalk-Putz (KBOB2016),KBOB2016-04.013,,,,MATERIAL_LIST,1550,237,220,17.2,0.130,0.130,0.001,0.765,0.701,0.064,0.247,0.238,0.009,kg,
04.014 Weisszementputz (KBOB2016),KBOB2016-04.014,,,,MATERIAL_LIST,1550,301,284,17.2,0.136,0.135,0.001,1.00,0.938,0.064,0.328,0.319,0.009,kg,
04.015 Leichtputz mineralisch (KBOB2016),KBOB2016-04.015,,,,MATERIAL_LIST,1000,366,348,17.2,0.154,0.154,0.001,1.30,1.23,0.064,0.366,0.357,0.009,kg,
04.016 Sumpfkalkputz (KBOB2016),KBOB2016-04.016,,,,MATERIAL_LIST,1350,442,425,17.2,0.113,0.112,0.001,1.80,1.74,0.064,0.469,0.460,0.009,kg,
04.017 Gips-Kalk-Putz (KBOB2016),KBOB2016-04.017,,,,MATERIAL_LIST,925,151,134,17.2,0.064,0.063,0.001,0.686,0.622,0.064,0.155,0.145,0.009,kg,
"05.001 Isolierverglasung 2-fach, Ug-Wert 1.1 W/m2K, Dicke 24 mm (KBOB2016)",KBOB2016-05.001,,,,MATERIAL_LIST,,46800,44600,2180,9.52,9.51,0.018,171,170,1.35,43.7,39.8,3.88,m2,
"05.002 Isolierverglasung 2-fach, VSG, Ug-Wert 1.1 W/m2K (KBOB2016)",KBOB2016-05.002,,,,MATERIAL_LIST,,84000,80100,3900,19.3,19.2,0.025,335,333,2.05,78.2,71.1,7.16,m2,
"05.003 Isolierverglasung 3-fach, Ug-Wert 0.5 W/m2K, Dicke 36 mm (KBOB2016)",KBOB2016-05.003,,,,MATERIAL_LIST,,83100,80100,2980,22.0,22.0,0.025,327,325,1.99,77.3,72.1,5.25,m2,
05.004 Fensterrahmen Aluminium (KBOB2016),KBOB2016-05.004,,,,MATERIAL_LIST,,406000,387000,18600,216,216,0.123,1600,1600,3.42,362,326,36.1,m2,
"05.004.01 Fensterrahmen Aluminium, WICLINE 75evo (KBOB2016)",KBOB2016-05.004.01,,,,MATERIAL_LIST,,259000,248000,10900,161,161,0.047,862,860,1.59,203,182,21.4,m2,
05.005 Fensterrahmen Holz (KBOB2016),KBOB2016-05.005,,,,MATERIAL_LIST,,217000,201000,15900,711,711,0.136,573,565,8.09,128,109,19.6,m2,
05.006 Fensterrahmen Holz-Aluminium (KBOB2016),KBOB2016-05.006,,,,MATERIAL_LIST,,319000,301000,18400,720,720,0.138,951,943,7.75,217,191,25.7,m2,
05.007 Fensterrahmen Kunststoff/PVC (KBOB2016),KBOB2016-05.007,,,,MATERIAL_LIST,,450000,416000,33200,69.4,66.9,2.42,1520,1490,28.9,285,228,57.2,m2,
"05.008 Fassade, Pfosten-Riegel, Alu/Glas (KBOB2016)",KBOB2016-05.008,,,,MATERIAL_LIST,,250000,242000,7250,66.1,66.0,0.099,760,757,3.08,177,163,13.5,m2,
"05.009 Isolierverglasung 2-fach, Ug-Wert 1.1 W/m2K, Dicke 18 mm (KBOB2016)",KBOB2016-05.009,,,,MATERIAL_LIST,,51300,49600,1730,12.3,12.3,0.016,199,198,1.30,47.9,44.9,2.98,m2,
"05.010 Isolierverglasung 2-fach, ESG, Ug-Wert 1.1 W/m2K (KBOB2016)",KBOB2016-05.010,,,,MATERIAL_LIST,,57500,55300,2180,16.8,16.8,0.018,226,225,1.35,51.1,47.2,3.88,m2,
"05.011 Isolierverglasung 2-fach, ESG/VSG, Ug-Wert 1.1 W/m2K (KBOB2016)",KBOB2016-05.011,,,,MATERIAL_LIST,,94700,90800,3900,26.6,26.5,0.025,390,388,2.05,85.6,78.4,7.16,m2,
"05.012 Isolierverglasung 3-fach, Ug-Wert 0.6 W/m2K, Dicke 40 mm (KBOB2016)",KBOB2016-05.012,,,,MATERIAL_LIST,,74300,70900,3450,14.9,14.9,0.027,261,259,2.04,66.8,60.7,6.16,m2,
"05.013 Isolierverglasung 3-fach, ESG/ESG, Ug-Wert 0.6 W/m2K (KBOB2016)",KBOB2016-05.013,,,,MATERIAL_LIST,,95800,92300,3450,29.6,29.6,0.027,371,369,2.04,81.6,75.4,6.16,m2,
"05.014 Isolierverglasung 3-fach, ESG/ESG/ESG, Ug-Wert 0.6 W/m2K (KBOB2016)",KBOB2016-05.014,,,,MATERIAL_LIST,,106000,103000,3450,36.9,36.9,0.027,426,424,2.04,88.9,82.7,6.16,m2,
"05.015 Isolierverglasung 3-fach, VSG, Ug-Wert 0.6 W/m2K (KBOB2016)",KBOB2016-05.015,,,,MATERIAL_LIST,,112000,106000,5170,24.5,24.5,0.034,424,422,2.74,101,92.0,9.45,m2,
"05.016 Isolierverglasung 3-fach, ESG/VSG, Ug-Wert 0.6 W/m2K (KBOB2016)",KBOB2016-05.016,,,,MATERIAL_LIST,,124000,118000,5170,32.0,32.0,0.034,484,481,2.74,110,100,9.45,m2,
"05.017 Sonnenschutz, Lamellenstoren motorisiert (KBOB2016)",KBOB2016-05.017,,,,MATERIAL_LIST,,111000,110000,633,32.4,32.3,0.028,263,262,0.374,57.4,56.3,1.11,m2,
"05.018 Sonnenschutz, Ausstellstoren motorisiert (KBOB2016)",KBOB2016-05.018,,,,MATERIAL_LIST,,141000,140000,831,36.0,36.0,0.031,297,297,0.448,65.0,63.5,1.48,m2,
"05.019 Sonnenschutz, Rollladen motorisiert (KBOB2016)",KBOB2016-05.019,,,,MATERIAL_LIST,,138000,137000,284,44.5,44.5,0.029,331,331,0.365,71.9,71.5,0.408,m2,
05.020 Putzträgerplatte kunstharzgebunden 13 mm (KBOB2016),KBOB2016-05.020,,,,MATERIAL_LIST,6.3,11200,11000,108,3.64,3.64,0.004,44.5,44.1,0.403,8.01,7.95,0.057,m2,
05.021 Putzträgerplatte mineralisch gebunden 12.5 mm (KBOB2016),KBOB2016-05.021,,,,MATERIAL_LIST,14.4,7210,6970,248,2.37,2.36,0.009,19.3,18.4,0.923,6.18,6.05,0.131,m2,
"05.022 Fassadenplatte, Aluverbund, 4 mm (KBOB2016)",KBOB2016-05.022,,,,MATERIAL_LIST,7.1,45400,41100,4240,24.5,24.5,0.009,200,199,0.527,44.3,35.8,8.58,m2,
"05.023 Fassadenplatte, Hochdrucklaminatplatte (HPL), 8.1 mm (KBOB2016)",KBOB2016-05.023,,,,MATERIAL_LIST,11.6,49800,43500,6310,89.7,89.7,0.044,198,196,1.82,44.5,33.4,11.1,m2,
"05.024 Fassadenplatte, Kunststoff glasfaserverstärkt (GFK), 1.6 mm (KBOB2016)",KBOB2016-05.024,,,,MATERIAL_LIST,2.4,22100,19600,2460,3.66,3.65,0.012,75.7,75.3,0.462,21.2,16.5,4.76,m2,
"05.025 Fassadenplatte, Kalkstein, 30 mm (KBOB2016)",KBOB2016-05.025,,,,MATERIAL_LIST,78,6160,4210,1960,1.92,1.77,0.145,25.6,21.8,3.75,5.13,4.45,0.677,m2,
"06.001 Aluminiumblech, blank (KBOB2016)",KBOB2016-06.001,,,,MATERIAL_LIST,2690,7300,7300,0.000,5.29,5.29,0.000,26.7,26.7,0.000,5.62,5.62,0.000,kg,
"06.002 Aluminiumprofil, blank (KBOB2016)",KBOB2016-06.002,,,,MATERIAL_LIST,2690,6980,6980,0.000,5.30,5.30,0.000,27.3,27.3,0.000,5.71,5.71,0.000,kg,
"06.002.01 Aluminiumprofil, blank, 80% Recyclinganteil, WICONA (KBOB2016)",KBOB2016-06.002.01,,,,MATERIAL_LIST,2690,4120,4120,0.000,3.44,3.44,0.000,13.6,13.6,0.000,2.94,2.94,0.000,kg,
06.003 Armierungsstahl (KBOB2016),KBOB2016-06.003,,,,MATERIAL_LIST,7850,2860,2860,0.000,0.211,0.211,0.000,3.55,3.55,0.000,0.682,0.682,0.000,kg,
06.004 Chromnickelstahlblech 18/8 blank (KBOB2016),KBOB2016-06.004,,,,MATERIAL_LIST,7900,6890,6890,0.000,2.38,2.38,0.000,15.3,15.3,0.000,3.76,3.76,0.000,kg,
06.005 Chromnickelstahlblech 18/8 verzinnt (KBOB2016),KBOB2016-06.005,,,,MATERIAL_LIST,7900,10700,10700,0.000,2.66,2.66,0.000,23.0,23.0,0.000,5.45,5.45,0.000,kg,
06.006 Chromstahlblech blank (KBOB2016),KBOB2016-06.006,,,,MATERIAL_LIST,7700,5250,5250,0.000,0.923,0.923,0.000,9.53,9.53,0.000,2.24,2.24,0.000,kg,
06.007 Chromstahlblech verzinnt (KBOB2016),KBOB2016-06.007,,,,MATERIAL_LIST,7700,8990,8990,0.000,1.20,1.20,0.000,17.2,17.2,0.000,3.93,3.93,0.000,kg,
"06.008 Kupferblech, blank (KBOB2016)",KBOB2016-06.008,,,,MATERIAL_LIST,8900,51500,51500,0.000,1.65,1.65,0.000,9.27,9.27,0.000,2.19,2.19,0.000,kg,
06.009 Messing-/Baubronzeblech (KBOB2016),KBOB2016-06.009,,,,MATERIAL_LIST,8300,47000,47000,0.000,1.89,1.89,0.000,11.5,11.5,0.000,2.71,2.71,0.000,kg,
"06.010 Stahlblech, blank (KBOB2016)",KBOB2016-06.010,,,,MATERIAL_LIST,7850,3570,3570,0.000,0.294,0.294,0.000,7.75,7.75,0.000,1.83,1.83,0.000,kg,
"06.011 Stahlblech, verzinkt (KBOB2016)",KBOB2016-06.011,,,,MATERIAL_LIST,7850,16100,16100,0.000,1.05,1.05,0.000,15.7,15.7,0.000,3.51,3.51,0.000,kg,
"06.012 Stahlprofil, blank (KBOB2016)",KBOB2016-06.012,,,,MATERIAL_LIST,7850,1000,1000,0.000,0.251,0.251,0.000,3.46,3.46,0.000,0.734,0.734,0.000,kg,
06.013 Titanzinkblech (KBOB2016),KBOB2016-06.013,,,,MATERIAL_LIST,7200,35800,35800,0.000,2.59,2.59,0.000,17.4,17.4,0.000,4.04,4.04,0.000,kg,
06.014 Blei (KBOB2016),KBOB2016-06.014,,,,MATERIAL_LIST,11340,6530,6530,0.000,0.236,0.236,0.000,4.03,4.03,0.000,1.04,1.04,0.000,kg,
"07.001 3-Schicht Massivholzplatte, PVAc-gebunden (KBOB2016)",KBOB2016-07.001,,,,MATERIAL_LIST,470,1360,1280,79.7,9.57,9.57,0.001,2.99,2.94,0.053,0.523,0.412,0.111,kg,
"07.002 Brettschichtholz, UF-gebunden, Trockenbereich (KBOB2016)",KBOB2016-07.002,,,,MATERIAL_LIST,470,995,908,86.9,8.70,8.70,0.001,2.24,2.18,0.058,0.446,0.326,0.121,kg,
"07.002.01 Brettschichtholz, UF-gebunden, Trockenbereich, Produktion Schweiz (KBOB2016)",KBOB2016-07.002.01,,,,MATERIAL_LIST,470,963,876,86.9,8.56,8.56,0.001,2.16,2.10,0.058,0.397,0.276,0.121,kg,
"07.003 Brettschichtholz, MF-gebunden, Feuchtbereich (KBOB2016)",KBOB2016-07.003,,,,MATERIAL_LIST,470,1040,953,86.9,8.70,8.70,0.001,2.45,2.39,0.058,0.485,0.365,0.121,kg,
"07.003.01 Brettschichtholz, MF-gebunden, Feuchtbereich, Produktion Schweiz (KBOB2016)",KBOB2016-07.003.01,,,,MATERIAL_LIST,470,1010,921,86.9,8.56,8.56,0.001,2.36,2.31,0.058,0.435,0.315,0.121,kg,
07.004 Hartfaserplatte (KBOB2016),KBOB2016-07.004,,,,MATERIAL_LIST,955,1310,1220,91.1,7.03,7.03,0.001,4.20,4.14,0.061,1.16,1.04,0.126,kg,
"07.005 Holzwolle-Leichtbauplatte, zementgebunden (KBOB2016)",KBOB2016-07.005,,,,MATERIAL_LIST,400,561,508,52.8,2.02,2.02,0.001,1.34,1.26,0.077,0.554,0.537,0.017,kg,
"07.006 Massivholz Buche / Eiche, luftgetrocknet, rau (KBOB2016)",KBOB2016-07.006,,,,MATERIAL_LIST,705,311,286,24.7,5.39,5.39,0.001,0.475,0.443,0.031,0.093,0.084,0.009,kg,
"07.006.01 Massivholz Buche / Eiche, luftgetrocknet, rau, Produktion Schweiz (KBOB2016)",KBOB2016-07.006.01,,,,MATERIAL_LIST,705,292,267,24.7,5.49,5.49,0.001,0.391,0.359,0.031,0.068,0.058,0.009,kg,
"07.007 Massivholz Buche / Eiche, kammergetrocknet, rau (KBOB2016)",KBOB2016-07.007,,,,MATERIAL_LIST,675,379,352,27.0,6.22,6.22,0.001,0.578,0.544,0.034,0.109,0.099,0.010,kg,
"07.007.01 Massivholz Buche / Eiche, kammergetrocknet, rau, Produktion Schweiz (KBOB2016)",KBOB2016-07.007.01,,,,MATERIAL_LIST,675,360,333,27.0,6.34,6.34,0.001,0.491,0.457,0.034,0.079,0.069,0.010,kg,
"07.008 Massivholz Buche / Eiche, kammergetrocknet, gehobelt (KBOB2016)",KBOB2016-07.008,,,,MATERIAL_LIST,675,420,393,27.0,6.32,6.32,0.001,0.685,0.651,0.034,0.126,0.116,0.010,kg,
"07.008.01 Massivholz Buche / Eiche, kammergetrocknet, gehobelt, Produktion Schweiz (KBOB2016)",KBOB2016-07.008.01,,,,MATERIAL_LIST,675,399,372,27.0,6.45,6.45,0.001,0.594,0.560,0.034,0.092,0.081,0.010,kg,
"07.009 Massivholz Fichte / Tanne / Lärche, luftgetrocknet, rau (KBOB2016)",KBOB2016-07.009,,,,MATERIAL_LIST,485,347,322,24.7,5.51,5.51,0.001,0.504,0.473,0.031,0.101,0.091,0.009,kg,
"07.009.01 Massivholz Fichte / Tanne / Lärche, luftgetrocknet, rau, Produktion Schweiz (KBOB2016)",KBOB2016-07.009.01,,,,MATERIAL_LIST,485,333,308,24.7,5.41,5.41,0.001,0.459,0.428,0.031,0.087,0.078,0.009,kg,
"07.010 Massivholz Fichte / Tanne / Lärche, luftgetr., gehobelt (KBOB2016)",KBOB2016-07.010,,,,MATERIAL_LIST,485,424,399,24.7,5.78,5.78,0.001,0.690,0.659,0.031,0.125,0.116,0.009,kg,
"07.010.01 Massivholz Fichte / Tanne / Lärche, luftgetr., gehobelt, Produktion Schweiz (KBOB2016)",KBOB2016-07.010.01,,,,MATERIAL_LIST,485,407,383,24.7,5.67,5.67,0.001,0.641,0.610,0.031,0.107,0.097,0.009,kg,
"07.011 Massivholz Fichte / Tanne / Lärche, kammergetr., gehobelt (KBOB2016)",KBOB2016-07.011,,,,MATERIAL_LIST,465,502,475,27.0,6.66,6.66,0.001,0.812,0.778,0.034,0.143,0.133,0.010,kg,
"07.011.01 Massivholz Fichte / Tanne / Lärche, kammergetr., gehobelt, Produktion Schweiz (KBOB2016)",KBOB2016-07.011.01,,,,MATERIAL_LIST,465,484,457,27.0,6.54,6.54,0.001,0.760,0.726,0.034,0.121,0.111,0.010,kg,
"07.011.02 Massivholz Fichte / Tanne, kammergetr., Vollholzhaus holzpur (KBOB2016)",KBOB2016-07.011.02,,,,MATERIAL_LIST,420,531,504,27.0,10.0,10.0,0.001,0.467,0.433,0.034,0.106,0.096,0.010,kg,
"07.012 Mitteldichte Faserplatte (MDF), UF-gebunden (KBOB2016)",KBOB2016-07.012,,,,MATERIAL_LIST,685,1170,1080,91.1,5.85,5.85,0.001,4.88,4.82,0.061,1.04,0.910,0.126,kg,
"07.013 OSB Platte, PF-gebunden, Feuchtbereich (KBOB2016)",KBOB2016-07.013,,,,MATERIAL_LIST,605,883,792,91.4,8.24,8.24,0.001,2.76,2.70,0.061,0.614,0.487,0.127,kg,
"07.014 Spanplatte, UF-gebunden, Trockenbereich (KBOB2016)",KBOB2016-07.014,,,,MATERIAL_LIST,640,746,654,91.4,4.36,4.36,0.001,2.97,2.91,0.061,0.646,0.519,0.127,kg,
"07.015 Spanplatte, PF-gebunden, Feuchtbereich (KBOB2016)",KBOB2016-07.015,,,,MATERIAL_LIST,640,746,654,91.4,4.36,4.36,0.001,2.97,2.91,0.061,0.646,0.519,0.127,kg,
"07.016 Spanplatte, UF-gebunden, beschichtet, Trockenbereich (KBOB2016)",KBOB2016-07.016,,,,MATERIAL_LIST,640,967,876,91.4,4.68,4.68,0.001,4.19,4.13,0.061,0.845,0.718,0.127,kg,
"07.017 Sperrholz/Multiplex, UF-gebunden, Trockenbereich (KBOB2016)",KBOB2016-07.017,,,,MATERIAL_LIST,500,1860,1780,79.7,10.2,10.2,0.001,5.94,5.88,0.053,1.17,1.06,0.111,kg,
"07.018 Sperrholz/Multiplex, PF-gebunden, Feuchtbereich (KBOB2016)",KBOB2016-07.018,,,,MATERIAL_LIST,500,2180,2100,79.7,10.3,10.2,0.001,7.28,7.23,0.053,1.46,1.35,0.111,kg,
"07.019.01 Stabschichtholz, Buche, fagus (KBOB2016)",KBOB2016-07.019.01,,,,MATERIAL_LIST,700,947,906,41.4,7.99,7.99,0.001,1.99,1.95,0.040,0.337,0.298,0.039,kg,
08.001 2-Komponenten Klebstoff (KBOB2016),KBOB2016-08.001,,,,MATERIAL_LIST,1500,6450,5700,754,0.355,0.350,0.005,24.6,24.3,0.348,5.95,4.61,1.34,kg,
08.002 Heissbitumen (KBOB2016),KBOB2016-08.002,,,,MATERIAL_LIST,1000,2640,1460,1180,0.053,0.045,0.008,15.5,15.3,0.217,3.06,0.692,2.37,kg,
08.003 Kautschukdichtungsmasse (KBOB2016),KBOB2016-08.003,,,,MATERIAL_LIST,1500,7470,5880,1590,0.288,0.282,0.006,24.1,24.0,0.163,5.21,2.05,3.16,kg,
08.004 Polysulfiddichtungsmasse (KBOB2016),KBOB2016-08.004,,,,MATERIAL_LIST,1600,3520,1930,1590,0.428,0.422,0.006,7.75,7.59,0.163,4.67,1.51,3.16,kg,
08.005 Silicon-Fugenmasse (KBOB2016),KBOB2016-08.005,,,,MATERIAL_LIST,1000,4550,2960,1590,2.19,2.18,0.006,15.0,14.8,0.163,5.87,2.71,3.16,kg,
09.001 Dampfbremse bituminös (KBOB2016),KBOB2016-09.001,,,,MATERIAL_LIST,1100,3100,1920,1180,0.658,0.650,0.008,13.9,13.6,0.217,3.54,1.17,2.37,kg,
09.002 Dampfbremse Polyethylen (PE) (KBOB2016),KBOB2016-09.002,,,,MATERIAL_LIST,920,3600,2240,1360,0.909,0.907,0.002,24.8,24.7,0.133,5.33,2.76,2.58,kg,
09.003 Dichtungsbahn bituminös (KBOB2016),KBOB2016-09.003,,,,MATERIAL_LIST,1100,2610,1430,1180,0.257,0.249,0.008,12.5,12.3,0.217,3.25,0.880,2.37,kg,
"09.003.01 Bituminöse Dichtungsbahn, swissporBIKUTOP EP4 (KBOB2016)",KBOB2016-09.003.01,,,,MATERIAL_LIST,1175,2290,1110,1180,0.224,0.217,0.008,10.8,10.5,0.217,3.07,0.701,2.37,kg,
"09.003.02 Bituminöse Dichtungsbahn, 50% Recyclinganteil, swissporBIKUTOP ECO EP4 (KBOB2016)",KBOB2016-09.003.02,,,,MATERIAL_LIST,1175,1850,672,1180,0.207,0.199,0.008,6.08,5.86,0.217,2.84,0.466,2.37,kg,
"09.003.03 Bituminöse Dichtungsbahn, swissporBIKUTOP EGV3 (KBOB2016)",KBOB2016-09.003.03,,,,MATERIAL_LIST,1200,2280,1100,1180,0.224,0.216,0.008,9.70,9.48,0.217,2.98,0.607,2.37,kg,
"09.003.04 Bituminöse Dichtungsbahn, 50% Recyclinganteil, swissporBIKUTOP ECO EGV3 (KBOB2016)",KBOB2016-09.003.04,,,,MATERIAL_LIST,1200,1860,681,1180,0.207,0.199,0.008,5.20,4.98,0.217,2.76,0.391,2.37,kg,
"09.003.05 Bituminöse Dichtungsbahn, swissporBIKUTOP (KBOB2016)",KBOB2016-09.003.05,,,,MATERIAL_LIST,1269,2410,1230,1180,0.224,0.217,0.008,10.4,10.2,0.217,3.16,0.787,2.37,kg,
"09.003.06 Bituminöse Dichtungsbahn, swissporBIKUTOP ECO (KBOB2016)",KBOB2016-09.003.06,,,,MATERIAL_LIST,1256,1900,716,1180,0.211,0.203,0.008,5.58,5.36,0.217,2.86,0.493,2.37,kg,
"09.003.07 Bituminöse Dichtungsbahn, swissporBIKUTOP EP5 (KBOB2016)",KBOB2016-09.003.07,,,,MATERIAL_LIST,1180,2300,1120,1180,0.188,0.181,0.008,10.7,10.5,0.217,3.06,0.685,2.37,kg,
"09.003.08 Bituminöse Dichtungsbahn, 50% Recyclinganteil, swissporBIKUTOP ECO EP5 (KBOB2016)",KBOB2016-09.003.08,,,,MATERIAL_LIST,1180,1860,676,1180,0.170,0.163,0.008,5.95,5.73,0.217,2.82,0.447,2.37,kg,
"09.003.09 Bituminöse Dichtungsbahn, swissporBIKUTOP LL Vario (KBOB2016)",KBOB2016-09.003.09,,,,MATERIAL_LIST,1171,2470,1290,1180,0.189,0.182,0.008,11.8,11.6,0.217,3.10,0.730,2.37,kg,
"09.003.10 Bituminöse Dichtungsbahn, 50% Recyclinganteil, swissporBIKUTOP ECO LL Vario (KBOB2016)",KBOB2016-09.003.10,,,,MATERIAL_LIST,1171,2120,939,1180,0.175,0.168,0.008,8.04,7.82,0.217,2.92,0.550,2.37,kg,
"09.003.11 Bituminöse Dichtungsbahn, swissporBIKUPLAN ECO (KBOB2016)",KBOB2016-09.003.11,,,,MATERIAL_LIST,1267,2040,862,1180,0.216,0.208,0.008,6.19,5.97,0.217,2.89,0.519,2.37,kg,
09.004 Dichtungsbahn Gummi (EPDM) (KBOB2016),KBOB2016-09.004,,,,MATERIAL_LIST,1100,4930,3340,1590,0.728,0.721,0.006,24.8,24.6,0.163,5.86,2.70,3.16,kg,
09.005 Dichtungsbahn Polyolefin (FPO) (KBOB2016),KBOB2016-09.005,,,,MATERIAL_LIST,1000,4430,2940,1480,0.412,0.410,0.002,23.1,22.9,0.132,5.55,2.52,3.03,kg,
09.006 Kraftpapier (KBOB2016),KBOB2016-09.006,,,,MATERIAL_LIST,650,3040,2950,86.2,14.5,14.5,0.002,8.05,7.95,0.102,1.69,1.65,0.041,kg,
09.007 Polyethylenfolie (PE) (KBOB2016),KBOB2016-09.007,,,,MATERIAL_LIST,920,3600,2240,1360,0.909,0.907,0.002,24.8,24.7,0.133,5.33,2.76,2.58,kg,
09.008 Polyethylenvlies (PE) (KBOB2016),KBOB2016-09.008,,,,MATERIAL_LIST,920,3650,2290,1360,0.555,0.552,0.002,25.9,25.8,0.133,5.53,2.95,2.58,kg,
10.001 Glaswolle (KBOB2016),KBOB2016-10.001,,,,MATERIAL_LIST,,1690,1660,29.8,2.19,2.19,0.001,7.75,7.68,0.068,1.13,1.12,0.010,kg,
"10.001.01 Glaswolle, Isover, Phenolharz (KBOB2016)",KBOB2016-10.001.01,,,,MATERIAL_LIST,,1310,1280,29.8,2.48,2.48,0.001,5.15,5.08,0.068,0.966,0.956,0.010,kg,
"10.001.02 Glaswolle, SUPAFIL (KBOB2016)",KBOB2016-10.001.02,,,,MATERIAL_LIST,35,1390,1360,29.8,1.10,1.10,0.003,23.4,23.2,0.236,1.17,1.16,0.010,kg,
"10.001.03 Glaswolle, Isover, planzliches Bindemittel (KBOB2016)",KBOB2016-10.001.03,,,,MATERIAL_LIST,,1160,1130,29.8,2.68,2.68,0.001,3.64,3.58,0.068,0.822,0.812,0.010,kg,
10.002 Korkplatte (KBOB2016),KBOB2016-10.002,,,,MATERIAL_LIST,120,1690,1530,159,7.68,7.68,0.002,6.65,6.54,0.106,1.34,1.12,0.221,kg,
10.003 Phenolharz (PF) (KBOB2016),KBOB2016-10.003,,,,MATERIAL_LIST,40,6490,5310,1180,0.707,0.620,0.086,34.6,33.6,1.03,6.23,4.19,2.04,kg,
10.004 Polystyrol expandiert (EPS) (KBOB2016),KBOB2016-10.004,,,,MATERIAL_LIST,,5180,3610,1570,0.360,0.358,0.002,29.8,29.7,0.133,7.64,4.46,3.19,kg,
"10.004.01 Polystyrol expandiert, SwissporEPS (KBOB2016)",KBOB2016-10.004.01,,,,MATERIAL_LIST,16.8,4600,3020,1570,0.728,0.725,0.003,26.7,26.5,0.133,7.04,3.85,3.19,kg,
"10.004.02 Polystyrol expandiert, 44% Recyclinganteil, SwissporEPS Roof Eco (KBOB2016)",KBOB2016-10.004.02,,,,MATERIAL_LIST,26,3330,1760,1570,0.436,0.433,0.003,15.5,15.4,0.133,5.43,2.24,3.19,kg,
"10.004.03 Polystyrol expandiert, 100% Recyclinganteil, SwissporEPS R 100% (KBOB2016)",KBOB2016-10.004.03,,,,MATERIAL_LIST,27,1770,194,1570,0.358,0.356,0.003,0.967,0.833,0.133,3.35,0.160,3.19,kg,
10.005 Polystyrol extrudiert (XPS) (KBOB2016),KBOB2016-10.005,,,,MATERIAL_LIST,,10800,9240,1570,0.507,0.505,0.002,29.1,28.9,0.133,14.5,11.3,3.19,kg,
"10.005.01 Polystyrol extrudiert, SwissporXPS (KBOB2016)",KBOB2016-10.005.01,,,,MATERIAL_LIST,34.3,4800,3230,1570,1.39,1.39,0.003,25.6,25.5,0.133,7.08,3.89,3.19,kg,
10.006 Polyurethan (PUR/PIR) (KBOB2016),KBOB2016-10.006,,,,MATERIAL_LIST,30,6630,5110,1510,0.806,0.796,0.010,30.2,29.6,0.642,7.52,4.80,2.72,kg,
"10.006.01 Polyurethan, SwissporPUR (KBOB2016)",KBOB2016-10.006.01,,,,MATERIAL_LIST,30,6480,4970,1520,1.12,1.11,0.011,28.7,28.1,0.639,7.28,4.56,2.72,kg,
10.007 Schaumglas (KBOB2016),KBOB2016-10.007,,,,MATERIAL_LIST,,1040,1020,18.6,1.89,1.89,0.001,5.32,5.26,0.068,1.17,1.16,0.010,kg,
"10.007.01 Schaumglas, GLAPOR (KBOB2016)",KBOB2016-10.007.01,,,,MATERIAL_LIST,120,699,680,18.6,0.210,0.209,0.001,3.63,3.56,0.068,0.784,0.774,0.010,kg,
10.008 Steinwolle (KBOB2016),KBOB2016-10.008,,,,MATERIAL_LIST,,1140,1110,29.8,0.339,0.338,0.001,4.33,4.27,0.068,1.13,1.12,0.010,kg,
"10.008.01 Steinwolle, Flumroc (KBOB2016)",KBOB2016-10.008.01,,,,MATERIAL_LIST,,1040,1010,29.8,0.328,0.328,0.001,4.00,3.93,0.068,1.06,1.05,0.010,kg,
10.009 Weichfaserplatte (KBOB2016),KBOB2016-10.009,,,,MATERIAL_LIST,147.5,860,816,43.6,7.04,7.03,0.001,3.53,3.49,0.041,0.665,0.624,0.041,kg,
"10.009.01 Weichfaserplatte, Pavatex (KBOB2016)",KBOB2016-10.009.01,,,,MATERIAL_LIST,140,691,648,43.6,6.90,6.90,0.001,3.14,3.10,0.041,0.445,0.404,0.041,kg,
10.010 Zellulosefasern (KBOB2016),KBOB2016-10.010,,,,MATERIAL_LIST,,418,332,86.2,0.242,0.240,0.002,1.03,0.931,0.102,0.257,0.216,0.041,kg,
"10.010.01 Zellulosefasern, Isofloc (KBOB2016)",KBOB2016-10.010.01,,,,MATERIAL_LIST,,339,253,86.2,0.228,0.226,0.002,0.785,0.683,0.102,0.203,0.163,0.041,kg,
10.011 Blähvermiculit (KBOB2016),KBOB2016-10.011,,,,MATERIAL_LIST,,589,563,25.8,0.054,0.052,0.002,1.85,1.80,0.051,0.437,0.428,0.009,kg,
10.012 Blähperlit (KBOB2016),KBOB2016-10.012,,,,MATERIAL_LIST,,950,920,29.8,0.173,0.172,0.001,4.53,4.47,0.068,1.01,1.00,0.010,kg,
10.013 Schaumglasschotter (KBOB2016),KBOB2016-10.013,,,,MATERIAL_LIST,,323,309,14.2,0.261,0.260,0.000,1.74,1.69,0.054,0.155,0.148,0.007,kg,
"10.013.01 Schaumglasschotter, Misapor (KBOB2016)",KBOB2016-10.013.01,,,,MATERIAL_LIST,,276,262,14.2,0.244,0.243,0.000,1.56,1.50,0.054,0.127,0.120,0.007,kg,
10.014 Aerogel-Vlies (KBOB2016),KBOB2016-10.014,,,,MATERIAL_LIST,150,45400,45200,181,13.7,13.7,0.002,231,231,0.127,48.7,48.4,0.303,kg,
10.015 Strohballenwand (KBOB2016),KBOB2016-10.015,,,,MATERIAL_LIST,215,562,562,0.000,4.79,4.79,0.000,0.228,0.228,0.000,0.090,0.090,0.000,kg,
10.016 Flachsfasern (KBOB2016),KBOB2016-10.016,,,,MATERIAL_LIST,30,1630,1480,144,6.05,6.05,0.001,5.20,5.14,0.060,0.990,0.768,0.222,kg,
"10.016.01 Flachsfasern, MAGRIPOL, Premium (KBOB2016)",KBOB2016-10.016.01,,,,MATERIAL_LIST,30,1580,1440,144,5.99,5.99,0.001,5.06,5.00,0.060,0.962,0.740,0.222,kg,
"10.017 Flachsfasern, feuerfest (KBOB2016)",KBOB2016-10.017,,,,MATERIAL_LIST,30,2020,1870,144,5.55,5.55,0.001,7.38,7.32,0.060,1.42,1.20,0.222,kg,
"10.017.01 Flachsfasern, feuerfest, MAGRIPOL, Premium+ (KBOB2016)",KBOB2016-10.017.01,,,,MATERIAL_LIST,30,1970,1820,144,5.50,5.50,0.001,7.22,7.16,0.060,1.39,1.17,0.222,kg,
"11.001 2K-Fliessbelag Industrie (Epoxidharz), 2.25 mm (KBOB2016)",KBOB2016-11.001,,,,MATERIAL_LIST,4.55,28900,25500,3430,1.44,1.41,0.024,65.1,63.5,1.58,17.2,11.1,6.09,m2,
"11.002 2K-Fliessbelag Wohnen/Verwaltung (Epoxidharz, PU), 2 mm (KBOB2016)",KBOB2016-11.002,,,,MATERIAL_LIST,3.6,21100,18200,2980,2.02,2.00,0.023,62.4,60.9,1.54,15.2,10.0,5.19,m2,
"11.003 Gummigranulat versiegelt, 7.5 mm (KBOB2016)",KBOB2016-11.003,,,,MATERIAL_LIST,8.25,23500,16700,6780,2.47,2.43,0.041,112,110,2.15,27.5,14.9,12.6,m2,
"11.004 Gussasphalt, 27.5 mm (KBOB2016)",KBOB2016-11.004,,,,MATERIAL_LIST,63.3,24500,16800,7680,2.93,2.83,0.101,126,120,5.58,14.1,12.9,1.17,m2,
"11.005 Hartbeton einschichtig, 27.5 mm (KBOB2016)",KBOB2016-11.005,,,,MATERIAL_LIST,57.8,18800,18600,214,2.03,2.02,0.004,49.8,49.2,0.509,16.9,16.8,0.085,m2,
"11.006 Hartbeton zweischichtig, 35 mm (KBOB2016)",KBOB2016-11.006,,,,MATERIAL_LIST,73.5,19400,19100,270,2.01,2.00,0.006,45.0,44.3,0.642,16.8,16.7,0.107,m2,
"11.007 Kautschuk, 2 mm (KBOB2016)",KBOB2016-11.007,,,,MATERIAL_LIST,3.36,14900,12300,2600,9.91,9.89,0.016,60.4,59.8,0.538,15.7,10.9,4.78,m2,
"11.008 Keramik-/Steinzeugplatte, 9 mm (KBOB2016)",KBOB2016-11.008,,,,MATERIAL_LIST,18,44200,43700,464,4.22,4.18,0.032,68.6,67.7,0.909,14.0,13.8,0.163,m2,
"11.009 Kork Fertigparkett, 10.5 mm (KBOB2016)",KBOB2016-11.009,,,,MATERIAL_LIST,7.8,11000,9740,1210,38.6,38.6,0.012,46.8,46.2,0.626,9.68,8.02,1.66,m2,
"11.010 Kork PVC-beschichtet, 3.2 mm (KBOB2016)",KBOB2016-11.010,,,,MATERIAL_LIST,2.7,7200,5650,1550,8.04,8.04,0.009,33.9,33.6,0.357,7.58,4.76,2.82,m2,
"11.011 Korkparkett geölt/versiegelt, 5.3 mm (KBOB2016)",KBOB2016-11.011,,,,MATERIAL_LIST,2.7,3020,2620,401,11.8,11.7,0.004,11.1,10.9,0.186,2.56,1.97,0.585,m2,
"11.012 Kunststeinplatte zementgebunden, 10 mm (KBOB2016)",KBOB2016-11.012,,,,MATERIAL_LIST,21.5,4940,4390,554,0.693,0.654,0.038,8.53,7.44,1.09,5.04,4.85,0.194,m2,
"11.013 Laminat, 8.5 mm (KBOB2016)",KBOB2016-11.013,,,,MATERIAL_LIST,8.5,10300,10000,248,38.4,38.4,0.005,44.7,44.4,0.286,8.47,8.38,0.088,m2,
"11.014 Linoleum, 2.5 mm (KBOB2016)",KBOB2016-11.014,,,,MATERIAL_LIST,2.9,10800,10400,378,19.3,19.3,0.004,26.9,26.7,0.270,6.36,5.90,0.462,m2,
"11.015 Natursteinplatte geschliffen, 15 mm (KBOB2016)",KBOB2016-11.015,,,,MATERIAL_LIST,40.5,32000,31000,1040,16.4,16.3,0.072,137,135,2.05,16.2,15.8,0.366,m2,
"11.015.01 Natursteinplatte geschliffen, Europa, 15 mm (KBOB2016)",KBOB2016-11.015.01,,,,MATERIAL_LIST,40.5,30300,29200,1040,16.3,16.2,0.072,134,132,2.05,15.3,14.9,0.366,m2,
"11.015.02 Natursteinplatte geschliffen, Schweiz, 15 mm (KBOB2016)",KBOB2016-11.015.02,,,,MATERIAL_LIST,40.5,25300,24300,1040,16.0,16.0,0.072,118,116,2.05,11.9,11.6,0.366,m2,
"11.015.03 Natursteinplatte geschliffen, Übersee, 15 mm (KBOB2016)",KBOB2016-11.015.03,,,,MATERIAL_LIST,40.5,34900,33900,1040,16.6,16.5,0.072,144,142,2.05,17.9,17.5,0.366,m2,
"11.016 Natursteinplatte geschnitten, 15 mm (KBOB2016)",KBOB2016-11.016,,,,MATERIAL_LIST,40.5,24800,23800,1040,11.1,11.0,0.072,102,100,2.05,13.2,12.9,0.366,m2,
"11.017 Natursteinplatte poliert, 15 mm (KBOB2016)",KBOB2016-11.017,,,,MATERIAL_LIST,40.5,55100,54000,1040,21.0,20.9,0.072,167,165,2.05,18.6,18.2,0.366,m2,
"11.018 Parkett 2-Schicht werkversiegelt, 11 mm (KBOB2016)",KBOB2016-11.018,,,,MATERIAL_LIST,6.1,12700,12600,159,85.8,85.8,0.003,44.6,44.4,0.183,7.51,7.45,0.056,m2,
"11.019 Parkett 3-Schicht werkversiegelt, 15 mm (KBOB2016)",KBOB2016-11.019,,,,MATERIAL_LIST,7.9,17100,16800,216,148,148,0.004,45.7,45.4,0.250,8.24,8.16,0.077,m2,
"11.020 Parkett Mosaik werkversiegelt, 8 mm (KBOB2016)",KBOB2016-11.020,,,,MATERIAL_LIST,5.6,7920,7790,134,78.1,78.1,0.003,26.1,26.0,0.155,3.43,3.38,0.048,m2,
"11.021 PVC homogen, 2 mm (KBOB2016)",KBOB2016-11.021,,,,MATERIAL_LIST,3.1,12400,9350,3050,2.17,1.99,0.181,57.5,55.2,2.32,13.4,8.12,5.24,m2,
"11.022 Steinholz versiegelt, 16.5 mm (KBOB2016)",KBOB2016-11.022,,,,MATERIAL_LIST,22,8790,8460,330,0.946,0.935,0.011,26.0,24.8,1.26,12.8,12.7,0.164,m2,
"11.023 Synthetische thermoplastische Beläge (TPO), 2 mm (KBOB2016)",KBOB2016-11.023,,,,MATERIAL_LIST,3.4,8420,5630,2790,3.39,3.38,0.018,43.6,42.9,0.679,11.0,5.86,5.10,m2,
11.024 Teppich Kunstfaser getuftet (KBOB2016),KBOB2016-11.024,,,,MATERIAL_LIST,2.1,10900,8640,2270,0.583,0.572,0.011,50.1,49.7,0.397,14.9,10.5,4.41,m2,
11.025 Teppich Nadelfilz (KBOB2016),KBOB2016-11.025,,,,MATERIAL_LIST,1.3,6960,5080,1880,0.613,0.605,0.008,34.4,34.2,0.274,9.65,5.97,3.68,m2,
11.026 Teppich Naturfaser (KBOB2016),KBOB2016-11.026,,,,MATERIAL_LIST,2.7,9640,8930,710,10.8,10.8,0.006,15.7,15.5,0.241,4.41,3.26,1.16,m2,
"11.027 Terrazzo versiegelt, 40 mm (KBOB2016)",KBOB2016-11.027,,,,MATERIAL_LIST,95,18800,18500,339,3.51,3.51,0.007,44.6,43.8,0.808,17.8,17.6,0.135,m2,
"12.001 Aussentüre, Holz, aluminiumbeplankt (KBOB2016)",KBOB2016-12.001,,,,MATERIAL_LIST,,166000,161000,4680,175,175,0.116,330,321,8.66,77.6,74.3,3.27,m2,
"12.002 Aussentüre, Holz, Glaseinsatz (KBOB2016)",KBOB2016-12.002,,,,MATERIAL_LIST,,183000,178000,5500,122,121,0.110,411,403,8.39,97.7,92.1,5.62,m2,
"12.003 Innentüre, Holz (KBOB2016)",KBOB2016-12.003,,,,MATERIAL_LIST,,58700,53300,5370,290,290,0.083,193,189,4.10,43.0,35.3,7.73,m2,
"12.004 Innentüre, Holz, Glaseinsatz (KBOB2016)",KBOB2016-12.004,,,,MATERIAL_LIST,,87800,77200,10600,245,245,0.300,308,287,20.5,69.0,57.4,11.6,m2,
"12.005 Aussentüre, Aluminium, Glaseinsatz (KBOB2016)",KBOB2016-12.005,,,,MATERIAL_LIST,,256000,248000,8170,115,115,0.050,951,948,3.18,214,199,15.3,m2,
"12.006 Aussentüre, Aluminium, Paneelfüllung (KBOB2016)",KBOB2016-12.006,,,,MATERIAL_LIST,,238000,233000,5150,143,143,0.023,883,882,0.829,192,182,10.0,m2,
"12.007 Innentüre, Aluminium, Glaseinsatz (KBOB2016)",KBOB2016-12.007,,,,MATERIAL_LIST,,206000,202000,4860,103,103,0.030,758,756,2.06,165,156,9.07,m2,
13.001 Acrylnitril-Butadien-Styrol (ABS) (KBOB2016),KBOB2016-13.001,,,,MATERIAL_LIST,1050,5380,3890,1480,0.434,0.432,0.002,29.4,29.3,0.132,7.94,4.91,3.03,kg,
13.002 Polyethylen (PE) (KBOB2016),KBOB2016-13.002,,,,MATERIAL_LIST,960,3410,1920,1480,0.549,0.547,0.002,23.2,23.1,0.132,5.41,2.38,3.03,kg,
13.003 Polypropylen (PP) (KBOB2016),KBOB2016-13.003,,,,MATERIAL_LIST,910,3430,1940,1480,0.433,0.431,0.002,22.7,22.6,0.132,5.43,2.40,3.03,kg,
"13.003.01 Polypropylen (PP), rezykliert, Rehau (KBOB2016)",KBOB2016-13.003.01,,,,MATERIAL_LIST,910,2840,1360,1480,0.808,0.806,0.002,8.99,8.86,0.132,4.60,1.57,3.03,kg,
13.004 Polyvinylchlorid (PVC) (KBOB2016),KBOB2016-13.004,,,,MATERIAL_LIST,1390,4400,3220,1180,0.645,0.559,0.086,19.5,18.5,1.03,4.42,2.38,2.04,kg,
13.005 Gusseisen (KBOB2016),KBOB2016-13.005,,,,MATERIAL_LIST,7850,4200,4200,0.000,0.212,0.212,0.000,6.61,6.61,0.000,1.51,1.51,0.000,kg,
"14.001 Anstrich, wasserverdünnbar, 2 Anstriche (KBOB2016)",KBOB2016-14.001,,,,MATERIAL_LIST,0.3,1230,759,471,0.145,0.144,0.001,4.21,4.19,0.026,1.36,0.644,0.719,m2,
"14.002 Anstrich, lösemittelverdünnbar, 2 Anstriche (KBOB2016)",KBOB2016-14.002,,,,MATERIAL_LIST,0.3,1960,1480,471,0.447,0.446,0.001,6.51,6.48,0.026,1.60,0.877,0.719,m2,
"14.003 Bitumenemulsion, 1 Anstrich (KBOB2016)",KBOB2016-14.003,,,,MATERIAL_LIST,0.25,626,331,295,0.017,0.015,0.002,1.93,1.88,0.054,0.706,0.113,0.593,m2,
"14.004 Emaillieren, Metall (KBOB2016)",KBOB2016-14.004,,,,MATERIAL_LIST,,10500,10500,0.000,4.31,4.31,0.000,43.7,43.7,0.000,8.11,8.11,0.000,m2,
"14.005 Pulverbeschichten, Aluminium (KBOB2016)",KBOB2016-14.005,,,,MATERIAL_LIST,,4470,4470,0.000,0.649,0.649,0.000,17.3,17.3,0.000,3.72,3.72,0.000,m2,
"14.006 Pulverbeschichten, Stahl (KBOB2016)",KBOB2016-14.006,,,,MATERIAL_LIST,,4740,4740,0.000,0.775,0.775,0.000,22.1,22.1,0.000,4.50,4.50,0.000,m2,
"14.007 Verchromen, Stahl (KBOB2016)",KBOB2016-14.007,,,,MATERIAL_LIST,,7120,7120,0.000,0.776,0.776,0.000,4.99,4.99,0.000,0.582,0.582,0.000,m2,
"14.008 Verzinken, Stahl (KBOB2016)",KBOB2016-14.008,,,,MATERIAL_LIST,,41100,41100,0.000,2.63,2.63,0.000,25.9,25.9,0.000,6.01,6.01,0.000,m2,
"15.001 Plexiglas (PMMA, Acrylglas) (KBOB2016)",KBOB2016-15.001,,,,MATERIAL_LIST,1180,9050,7570,1480,0.373,0.371,0.002,40.1,40.0,0.132,11.7,8.68,3.03,kg,
15.002 Polyamid (PA) glasfaserverstärkt (KBOB2016),KBOB2016-15.002,,,,MATERIAL_LIST,1360,7730,7350,377,1.01,1.00,0.002,39.8,39.7,0.129,9.60,8.89,0.714,kg,
15.003 Polycarbonat (PC) (KBOB2016),KBOB2016-15.003,,,,MATERIAL_LIST,1200,8240,6760,1480,0.431,0.429,0.002,31.7,31.6,0.132,11.5,8.49,3.03,kg,
15.004 Polyester (UP) glasfaserverstärkt (KBOB2016),KBOB2016-15.004,,,,MATERIAL_LIST,1500,9200,8180,1030,1.52,1.52,0.005,31.6,31.4,0.193,8.85,6.87,1.98,kg,
15.005 Polystyrol (PS) (KBOB2016),KBOB2016-15.005,,,,MATERIAL_LIST,1050,4070,2580,1480,0.099,0.097,0.002,24.5,24.4,0.132,6.68,3.64,3.03,kg,
21.001 Abfalltrennsystem (KBOB2016),KBOB2016-21.001,,,,MATERIAL_LIST,,19600,15800,3770,18.0,18.0,0.006,114,113,0.343,23.7,16.0,7.68,Stk.,
"21.002 Arbeitsplatte Chromstahl, high-end (KBOB2016)",KBOB2016-21.002,,,,MATERIAL_LIST,,742000,742000,0.000,469,469,0.000,1330,1330,0.000,323,323,0.000,m2,
"21.003 Arbeitsplatte Chromstahl, Standard (KBOB2016)",KBOB2016-21.003,,,,MATERIAL_LIST,,112000,111000,1130,35.6,35.6,0.012,204,203,0.752,50.2,48.6,1.57,m2,
21.004 Arbeitsplatte Kompositwerkstoff (auf Aluminiumhydroxidbasis) (KBOB2016),KBOB2016-21.004,,,,MATERIAL_LIST,,86600,76400,10200,6.02,5.99,0.027,360,359,1.54,94.0,77.1,16.9,m2,
21.005 Arbeitsplatte kunstharzbeschichtet (KBOB2016),KBOB2016-21.005,,,,MATERIAL_LIST,,28200,26400,1750,148,148,0.013,118,117,0.786,23.9,21.4,2.51,m2,
21.006 Arbeitsplatte Massivholz (KBOB2016),KBOB2016-21.006,,,,MATERIAL_LIST,,35900,35300,634,252,252,0.013,84.1,83.3,0.804,11.9,11.7,0.237,m2,
21.007 Arbeitsplatte Naturstein (KBOB2016),KBOB2016-21.007,,,,MATERIAL_LIST,,121000,119000,2130,62.1,61.9,0.146,410,406,4.17,36.3,35.6,0.745,m2,
21.008 Dampfabzug (KBOB2016),KBOB2016-21.008,,,,MATERIAL_LIST,,295000,287000,8630,71.4,71.4,0.031,616,615,1.39,149,132,17.1,Stk.,
"21.009 Küche, Massivholz, 16-teilig (KBOB2016)",KBOB2016-21.009,,,,MATERIAL_LIST,,1030000,982000,45200,3820,3820,0.361,2370,2350,22.3,481,409,71.8,Stk.,
"21.010 Küche, Metall, 16-teilig (KBOB2016)",KBOB2016-21.010,,,,MATERIAL_LIST,,5610000,5600000,15200,540,540,0.062,10500,10500,2.65,2250,2220,29.6,Stk.,
"21.011 Küche, Spanplatte, 16-teilig (KBOB2016)",KBOB2016-21.011,,,,MATERIAL_LIST,,981000,903000,77700,2530,2530,0.581,3170,3130,36.0,697,578,119,Stk.,
21.012 Spüle Chromstahl (KBOB2016),KBOB2016-21.012,,,,MATERIAL_LIST,,89000,86800,2240,40.6,40.6,0.004,226,225,0.211,46.5,41.9,4.57,Stk.,
21.013 Spüle Kompositwerkstoff (auf Gesteinsmehlbasis) (KBOB2016),KBOB2016-21.013,,,,MATERIAL_LIST,,32700,28200,4490,17.6,17.6,0.018,148,147,1.11,37.1,30.7,6.39,Stk.,